service,year,quarter,tiles,tests,devices,pop_weight,area_km2,d_mean_tile,d_median_tile,d_mean_pop,d_median_pop,d_p10_pop,d_p90_pop,u_median_pop,lat_median_pop,pct_above_bb,pct_above_hi,divide_ratio,period
fixed,2025,1,8393.0,266168.0,64261.0,7733616.939368814,2073.485920952,16.21165983557727,13.943,16.516113058908154,15.239421040973012,8.309716020232461,24.968358219537574,5.851216154677281,26.0,81.44343671479396,9.91426902387512,3.004718591916345,2025 Q1
mobile,2025,1,6925.0,64548.0,32039.0,7111148.844899293,1706.2122115643501,68.22395451263539,48.948,77.48497548913974,62.1979842721609,13.052623417027206,158.8542905464575,19.491989167953708,21.0,92.19960498530119,78.97870970087936,12.170295998828202,2025 Q1
fixed,2025,2,9546.0,304668.0,73316.0,7928804.734765783,2359.0929511890113,19.559706578671694,17.1475,19.570776747649678,18.343930096756548,9.117344609931852,29.698048514222315,8.334,25.0,87.17016732232106,20.611282232483177,3.257313371907777,2025 Q2
mobile,2025,2,8057.0,48721.0,26228.0,7339704.586188026,1992.6895862209267,67.40846195854536,42.389,79.17113539082442,56.3484377010614,11.25355731985992,173.7353216814163,19.01260356939173,20.0,91.26006759784998,75.25382136692184,15.438258031957035,2025 Q2
fixed,2025,3,9599.0,268551.0,70528.0,7984787.0668678805,2372.0723825256055,20.19004021252214,17.801,20.434225215821822,19.046494955001624,9.173488775881895,31.48465811183011,9.38456199645257,24.0,87.08315252253628,24.056041019986576,3.432135677170797,2025 Q3
mobile,2025,3,7653.0,39942.0,22192.0,7324566.544375176,1888.7645278589644,61.73457663661309,37.835,72.18050349948793,50.68473198506008,9.715231896783582,158.96405942527196,18.616837772454538,21.0,89.59077549766477,72.58373973091535,16.36235358189444,2025 Q3
fixed,2025,4,9605.0,329211.0,76087.0,7975035.946538451,2372.042410549026,21.442789692868296,19.146,21.56338287930591,20.333961992264665,9.401723042025456,33.39968861313138,10.776324831050518,25.0,88.45078857860268,29.276540699243647,3.552507180208952,2025 Q4
mobile,2025,4,8837.0,57325.0,28752.0,7602297.252943207,2179.1738762575146,58.11754022858436,36.353,66.68548771405507,47.96042966998654,9.91208462170625,142.0955540852613,16.600114213378284,23.0,89.84763221665698,72.3543124247899,14.335587266283975,2025 Q4
fixed,2026,1,9788.0,310568.0,72466.0,7944431.105478794,2416.5675645022584,22.26301369023294,19.718,22.596653334493507,20.980339319828897,10.222099757621411,35.64021199305579,11.092,24.0,90.4661215025842,33.12700074358403,3.4865842476721185,2026 Q1
mobile,2026,1,8765.0,57192.0,28323.0,7629944.999745116,2160.666252143388,63.157832515687396,36.455,70.65294900638358,48.58501721193787,8.837355243962133,150.7803367845055,15.945152555936401,22.0,88.9439909975708,71.27357017437191,17.06170371362199,2026 Q1
fixed,2026,2,10005.0,281877.0,70302.0,8010524.355935038,2468.9918328390054,23.597262568715642,21.227,24.675412071800725,23.08576388774895,11.507861261215378,37.92260887500668,12.43337831702975,22.0,92.08993220981596,40.920435166652695,3.2953654909636585,2026 Q2
mobile,2026,2,9443.0,62467.0,31316.0,7784083.655328454,2329.4707132137337,65.10868929365668,38.634,75.2314638054876,55.27691801159996,9.867845309834324,154.63467643840187,16.599022234436564,22.0,89.7757835811949,73.49324053313,15.670561463331056,2026 Q2
